{
  "dataset_shape": [
    12000,
    31
  ],
  "fraud_rate": 0.01275,
  "missing_values": 0,
  "train_shape": [
    9600,
    30
  ],
  "test_shape": [
    2400,
    30
  ],
  "random_forest_results": [
    {
      "model_name": "RF Baseline (No balancing)",
      "precision": 1.0,
      "recall": 0.03225806451612903,
      "f1": 0.0625,
      "accuracy": 0.9875,
      "roc_auc": 0.7783194215607511,
      "confusion_matrix": [
        [
          2369,
          0
        ],
        [
          30,
          1
        ]
      ]
    },
    {
      "model_name": "RF Tuned + class_weight",
      "precision": 0.5,
      "recall": 0.16129032258064516,
      "f1": 0.24390243902439024,
      "accuracy": 0.9870833333333333,
      "roc_auc": 0.8194556026089679,
      "confusion_matrix": [
        [
          2364,
          5
        ],
        [
          26,
          5
        ]
      ]
    },
    {
      "model_name": "RF Tuned + SMOTEENN + class_weight",
      "precision": 1.0,
      "recall": 0.22580645161290322,
      "f1": 0.3684210526315789,
      "accuracy": 0.99,
      "roc_auc": 0.7967292582960008,
      "confusion_matrix": [
        [
          2369,
          0
        ],
        [
          24,
          7
        ]
      ]
    }
  ],
  "isolation_forest_results": [
    {
      "model_name": "IF Baseline (scaled)",
      "precision": 0.0,
      "recall": 0.0,
      "f1": 0.0,
      "accuracy": 0.9725,
      "roc_auc": 0.5594166587235665,
      "confusion_matrix": [
        [
          2334,
          35
        ],
        [
          31,
          0
        ]
      ]
    },
    {
      "model_name": "IF Tuned (contamination=0.0064)",
      "precision": 0.0,
      "recall": 0.0,
      "f1": 0.0,
      "accuracy": 0.9804166666666667,
      "roc_auc": 0.5653807922221163,
      "confusion_matrix": [
        [
          2353,
          16
        ],
        [
          31,
          0
        ]
      ]
    }
  ],
  "best_model_by_f1": "RF Tuned + SMOTEENN + class_weight"
}